"ID";"SESSION";"STATUS";"TYPE";"THEME";"QUESTION";"ANSWER"
187;i117eupi6dj4th9ud4j3o936fc;"OK";"question";"Thema";"Frage";"Answer A"
188;i117eupi6dj4th9ud4j3o936fc;"OK";"survey";"Thema";"Frage";"Answer B"
189;i117eupi6dj4th9ud4j3o936fc;"OK";"survey";"Thema";"Frage";"Answer A"
190;i117eupi6dj4th9ud4j3o936fc;"OK";"survey";"Thema";"Frage";"Answer B"
191;i117eupi6dj4th9ud4j3o936fc;"OK";"survey";"Thema";"Frage";"Answer C"
192;62bbddj1p4dcs1pastk85gcl3r;"OK";"survey";"Einführung Rechnen";"Wie hat Sie das Einführungsvideo motiviert?";"gar nicht"
193;62bbddj1p4dcs1pastk85gcl3r;"NOK";"question";"Rechnen";"Sie sehen ein Produkt für 200 €. Der Käufer gibt Ihnen 10% Rabatt - wie viel müssen Sie bezahlen?";"190 €"
194;62bbddj1p4dcs1pastk85gcl3r;"OK";"question";"Rechnen";"Sie sehen ein Produkt für 200 €. Der Käufer gibt Ihnen 10% Rabatt - wie viel müssen Sie bezahlen?";"180 €"
195;0410;"OK";"survey";"Warum denn rechnen?";"Wie hat Sie das Einführungsvideo motiviert?";"gar nicht"
196;0410;"OK";"question";"Rechnen";"Sie sehen ein Produkt für 200 €. Der Käufer gibt Ihnen 10% Rabatt - wie viel müssen Sie bezahlen?";"180 €"
197;0410;"OK";"survey";"Warum denn rechnen?";"Wie hat Sie das Einführungsvideo motiviert?";"gar nicht"
198;0410;"OK";"survey";"Warum denn rechnen?";"Wie hat Sie das Einführungsvideo motiviert?";"gar nicht"
199;0410;"OK";"question";"Thema";"Der Drucker meldet einen Füllstand von 20% bei der schwarzen Tinte. In der Patrone sind noch 10 ml. Wieviel ml passen insgesamt in die Patrone?";"50 ml"
200;0410;"OK";"question";"Thema";"Angebot A beträgt 400 €. Angebot B beträgt 440 €. Wie viel Prozent ist Angebot A im Verhältnis zu Angebot B günstiger?";"90,9 %"
201;0410;"OK";"question";"Rechnen";"Sie sehen ein Produkt für 200 €. Der Käufer gibt Ihnen 10% Rabatt - wie viel müssen Sie bezahlen?";"180 €"
202;0410;"OK";"question";"Thema";"Der Drucker meldet einen Füllstand von 20% bei der schwarzen Tinte. In der Patrone sind noch 10 ml. Wieviel ml passen insgesamt in die Patrone?";"50 ml"
203;0410;"OK";"survey";"Warum denn rechnen?";"Wie hat Sie das Einführungsvideo motiviert?";"gar nicht"
204;0410;"OK";"survey";"Warum denn rechnen?";"Wie hat Sie das Einführungsvideo motiviert?";"gar nicht"
205;0410;"OK";"survey";"Warum denn rechnen?";"Wie hat Sie das Einführungsvideo motiviert?";"gar nicht"
206;0410;"OK";"survey";"Warum denn rechnen?";"Wie hat Sie das Einführungsvideo motiviert?";"gar nicht"
207;0410;"OK";"question";"Rechnen";"Sie sehen ein Produkt für 200 €. Der Käufer gibt Ihnen 10% Rabatt - wie viel müssen Sie bezahlen?";"180 €"
208;0410;"OK";"question";"Rechnen";"Die Umsatzzahlen sind um 12% auf 180.000 € in diesem Jahr gestiegen. Wie hoch war der Umsatz im Vorjahr?";"160.714,28 €"
209;0410;"OK";"question";"Rechnen";"Sie sehen ein Produkt für 200 €. Der Käufer gibt Ihnen 10% Rabatt - wie viel müssen Sie bezahlen?";"180 €"
210;0410;"OK";"question";"Rechnen";"Sie sehen ein Produkt für 200 €. Der Käufer gibt Ihnen 10% Rabatt - wie viel müssen Sie bezahlen?";"180 €"
211;0410;"OK";"question";"Rechnen";"Sie sehen ein Produkt für 200 €. Der Käufer gibt Ihnen 10% Rabatt - wie viel müssen Sie bezahlen?";"180 €"
212;0410;"OK";"question";"Thema";"Angebot A beträgt 400 €. Angebot B beträgt 440 €. Wie viel Prozent ist Angebot A im Verhältnis zu Angebot B günstiger?";"90,9 %"
213;0410;"OK";"question";"Thema";"Der Drucker meldet einen Füllstand von 20% bei der schwarzen Tinte. In der Patrone sind noch 10 ml. Wieviel ml passen insgesamt in die Patrone?";"50 ml"
214;0410;"OK";"question";"Rechnen";"Sie sehen ein Produkt für 200 €. Der Käufer gibt Ihnen 10% Rabatt - wie viel müssen Sie bezahlen?";"180 €"
215;0410;"OK";"survey";"Warum denn rechnen?";"Wie hat Sie das Einführungsvideo motiviert?";"gar nicht"
216;0410;"OK";"question";"Rechnen";"Sie möchten ein Handy kaufen. Der Listeneinkaufspreis liegt bei 280 €. Der Händler gewährt Ihnen 5% Rabatt. Wie viel kostet das Handy inklusive Rabatt?";"266 €"
217;0410;"OK";"question";"Thema";"Der Drucker meldet einen Füllstand von 20% bei der schwarzen Tinte. In der Patrone sind noch 10 ml. Wieviel ml passen insgesamt in die Patrone?";"50 ml"
218;0410;"OK";"question";"Thema";"Der Drucker meldet einen Füllstand von 20% bei der schwarzen Tinte. In der Patrone sind noch 10 ml. Wieviel ml passen insgesamt in die Patrone?";"50 ml"
219;0410;"OK";"survey";"Warum denn rechnen?";"Wie hat Sie das Einführungsvideo motiviert?";"gar nicht"
220;0410;"NOK";"question";"Thema";"Angebot A beträgt 400 €. Angebot B beträgt 440 €. Wie viel Prozent ist Angebot A im Verhältnis zu Angebot B günstiger?";"110 %"
221;0410;"OK";"question";"Thema";"Der Drucker meldet einen Füllstand von 20% bei der schwarzen Tinte. In der Patrone sind noch 10 ml. Wieviel ml passen insgesamt in die Patrone?";"50 ml"
222;0410;"OK";"question";"Rechnen";"Sie sehen ein Produkt für 200 €. Der Käufer gibt Ihnen 10% Rabatt - wie viel müssen Sie bezahlen?";"180 €"
223;0410;"OK";"question";"Thema";"Der Drucker meldet einen Füllstand von 20% bei der schwarzen Tinte. In der Patrone sind noch 10 ml. Wieviel ml passen insgesamt in die Patrone?";"50 ml"
224;0410;"NOK";"question";"Thema";"Angebot A beträgt 400 €. Angebot B beträgt 440 €. Wie viel Prozent ist Angebot A im Verhältnis zu Angebot B günstiger?";"90 %"
225;0410;"OK";"question";"Thema";"Angebot A beträgt 400 €. Angebot B beträgt 440 €. Wie viel Prozent ist Angebot A im Verhältnis zu Angebot B günstiger?";"90,9 %"
226;0410;"OK";"question";"Thema";"Angebot A beträgt 400 €. Angebot B beträgt 440 €. Wie viel Prozent ist Angebot A im Verhältnis zu Angebot B günstiger?";"90,9 %"
227;0410;"OK";"question";"Rechnen";"Sie sehen ein Produkt für 200 €. Der Käufer gibt Ihnen 10% Rabatt - wie viel müssen Sie bezahlen?";"180 €"
228;0410;"OK";"question";"Thema";"Der Drucker meldet einen Füllstand von 20% bei der schwarzen Tinte. In der Patrone sind noch 10 ml. Wieviel ml passen insgesamt in die Patrone?";"50 ml"
229;0410;"NOK";"question";"Thema";"Angebot A beträgt 400 €. Angebot B beträgt 440 €. Wie viel Prozent ist Angebot A im Verhältnis zu Angebot B günstiger?";"85 %"
230;0410;"OK";"question";"Thema";"Angebot A beträgt 400 €. Angebot B beträgt 440 €. Wie viel Prozent ist Angebot A im Verhältnis zu Angebot B günstiger?";"90,9 %"
231;0410;"NOK";"question";"Thema";"Angebot A beträgt 400 €. Angebot B beträgt 440 €. Wie viel Prozent ist Angebot A im Verhältnis zu Angebot B günstiger?";"90 %"
232;0410;"OK";"question";"Thema";"Der Drucker meldet einen Füllstand von 20% bei der schwarzen Tinte. In der Patrone sind noch 10 ml. Wieviel ml passen insgesamt in die Patrone?";"50 ml"
233;0410;"OK";"question";"Thema";"Angebot A beträgt 400 €. Angebot B beträgt 440 €. Wie viel Prozent ist Angebot A im Verhältnis zu Angebot B günstiger?";"90,9 %"
234;0410;"OK";"question";"Thema";"Angebot A beträgt 400 €. Angebot B beträgt 440 €. Wie viel Prozent ist Angebot A im Verhältnis zu Angebot B günstiger?";"90,9 %"
235;0410;"OK";"question";"Rechnen";"Die Umsatzzahlen sind um 12% auf 180.000 € in diesem Jahr gestiegen. Wie hoch war der Umsatz im Vorjahr?";"160.714,28 €"
236;0410;"OK";"question";"Rechnen";"Die Umsatzzahlen sind um 12% auf 180.000 € in diesem Jahr gestiegen. Wie hoch war der Umsatz im Vorjahr?";"160.714,28 €"
237;0410;"NOK";"question";"Rechnen";"Die Umsatzzahlen sind um 12% auf 180.000 € in diesem Jahr gestiegen. Wie hoch war der Umsatz im Vorjahr?";"170.000 €"
238;0410;"OK";"question";"Rechnen";"Die Umsatzzahlen sind um 12% auf 180.000 € in diesem Jahr gestiegen. Wie hoch war der Umsatz im Vorjahr?";"160.714,28 €"
239;0410;"OK";"question";"Rechnen";"Die Umsatzzahlen sind um 12% auf 180.000 € in diesem Jahr gestiegen. Wie hoch war der Umsatz im Vorjahr?";"160.714,28 €"
240;0410;"NOK";"question";"Thema";"Angebot A beträgt 400 €. Angebot B beträgt 440 €. Wie viel Prozent ist Angebot A im Verhältnis zu Angebot B günstiger?";"110 %"
241;0410;"NOK";"question";"Thema";"Angebot A beträgt 400 €. Angebot B beträgt 440 €. Wie viel Prozent ist Angebot A im Verhältnis zu Angebot B günstiger?";"110 %"
242;0410;"OK";"question";"Rechnen";"Die Umsatzzahlen sind um 12% auf 180.000 € in diesem Jahr gestiegen. Wie hoch war der Umsatz im Vorjahr?";"160.714,28 €"
243;0410;"NOK";"question";"Rechnen";"Sie möchten ein Handy kaufen. Der Listeneinkaufspreis liegt bei 280 €. Der Händler gewährt Ihnen 5% Rabatt. Wie viel kostet das Handy inklusive Rabatt?";"270 €"
244;0410;"OK";"question";"Rechnen";"Sie möchten ein Handy kaufen. Der Listeneinkaufspreis liegt bei 280 €. Der Händler gewährt Ihnen 5% Rabatt. Wie viel kostet das Handy inklusive Rabatt?";"266 €"
245;0410;"OK";"question";"Rechnen";"Sie möchten ein Handy kaufen. Der Listeneinkaufspreis liegt bei 280 €. Der Händler gewährt Ihnen 5% Rabatt. Wie viel kostet das Handy inklusive Rabatt?";"266 €"
246;0410;"OK";"question";"Rechnen";"Die Umsatzzahlen sind um 12% auf 180.000 € in diesem Jahr gestiegen. Wie hoch war der Umsatz im Vorjahr?";"160.714,28 €"
247;0410;"OK";"question";"Rechnen";"Sie möchten ein Handy kaufen. Der Listeneinkaufspreis liegt bei 280 €. Der Händler gewährt Ihnen 5% Rabatt. Wie viel kostet das Handy inklusive Rabatt?";"266 €"
248;0410;"OK";"question";"Rechnen";"Sie möchten ein Handy kaufen. Der Listeneinkaufspreis liegt bei 280 €. Der Händler gewährt Ihnen 5% Rabatt. Wie viel kostet das Handy inklusive Rabatt?";"266 €"
249;0410;"NOK";"question";"Thema";"Angebot A beträgt 400 €. Angebot B beträgt 440 €. Wie viel Prozent ist Angebot A im Verhältnis zu Angebot B günstiger?";"90 %"
250;0410;"OK";"question";"Thema";"Angebot A beträgt 400 €. Angebot B beträgt 440 €. Wie viel Prozent ist Angebot A im Verhältnis zu Angebot B günstiger?";"90,9 %"
251;0410;"OK";"question";"Rechnen";"Sie möchten ein Handy kaufen. Der Listeneinkaufspreis liegt bei 280 €. Der Händler gewährt Ihnen 5% Rabatt. Wie viel kostet das Handy inklusive Rabatt?";"266 €"
252;0410;"OK";"question";"Thema";"Angebot A beträgt 400 €. Angebot B beträgt 440 €. Wie viel Prozent ist Angebot A im Verhältnis zu Angebot B günstiger?";"90,9 %"
253;0410;"NOK";"question";"Rechnen";"Die Umsatzzahlen sind um 12% auf 180.000 € in diesem Jahr gestiegen. Wie hoch war der Umsatz im Vorjahr?";"180.000 €"
254;0410;"OK";"survey";"Warum denn rechnen?";"Wie hat Sie das Einführungsvideo motiviert?";"ein bisschen"
255;0410;"OK";"question";"Rechnen";"Sie möchten ein Handy kaufen. Der Listeneinkaufspreis liegt bei 280 €. Der Händler gewährt Ihnen 5% Rabatt. Wie viel kostet das Handy inklusive Rabatt?";"266 €"
256;0410;"NOK";"question";"Rechnen";"Die Umsatzzahlen sind um 12% auf 180.000 € in diesem Jahr gestiegen. Wie hoch war der Umsatz im Vorjahr?";"170.000 €"
257;0410;"OK";"question";"Rechnen";"Die Umsatzzahlen sind um 12% auf 180.000 € in diesem Jahr gestiegen. Wie hoch war der Umsatz im Vorjahr?";"160.714,28 €"
258;0410;"OK";"question";"Rechnen";"Sie möchten ein Handy kaufen. Der Listeneinkaufspreis liegt bei 280 €. Der Händler gewährt Ihnen 5% Rabatt. Wie viel kostet das Handy inklusive Rabatt?";"266 €"
259;0410;"OK";"survey";"Warum denn rechnen?";"Wie hat Sie das Einführungsvideo motiviert?";"gar nicht"
260;0410;"OK";"survey";"Warum denn rechnen?";"Wie hat Sie das Einführungsvideo motiviert?";"gar nicht"
261;0410;"OK";"question";"Rechnen";"Sie sehen ein Produkt für 200 €. Der Käufer gibt Ihnen 10% Rabatt - wie viel müssen Sie bezahlen?";"180 €"
262;0410;"OK";"question";"Rechnen";"Sie sehen ein Produkt für 200 €. Der Käufer gibt Ihnen 10% Rabatt - wie viel müssen Sie bezahlen?";"180 €"
263;0410;"OK";"question";"Thema";"Der Drucker meldet einen Füllstand von 20% bei der schwarzen Tinte. In der Patrone sind noch 10 ml. Wieviel ml passen insgesamt in die Patrone?";"50 ml"
264;0410;"OK";"question";"Thema";"Angebot A beträgt 400 €. Angebot B beträgt 440 €. Wie viel Prozent ist Angebot A im Verhältnis zu Angebot B günstiger?";"90,9 %"
265;0410;"OK";"question";"Rechnen";"Sie möchten ein Handy kaufen. Der Listeneinkaufspreis liegt bei 280 €. Der Händler gewährt Ihnen 5% Rabatt. Wie viel kostet das Handy inklusive Rabatt?";"266 €"
266;0410;"NOK";"question";"Rechnen";"Die Umsatzzahlen sind um 12% auf 180.000 € in diesem Jahr gestiegen. Wie hoch war der Umsatz im Vorjahr?";"180.000 €"
267;0410;"OK";"survey";"Warum denn rechnen?";"Wie hat Sie das Einführungsvideo motiviert?";"sehr stark"
268;0410;"OK";"question";"Rechnen";"Die Umsatzzahlen sind um 12% auf 180.000 € in diesem Jahr gestiegen. Wie hoch war der Umsatz im Vorjahr?";"160.714,28 €"
269;0410;"OK";"survey";"Warum denn rechnen?";"Wie hat Sie das Einführungsvideo motiviert?";"stark"
270;0410;"NOK";"question";"Rechnen";"Die Umsatzzahlen sind um 12% auf 180.000 € in diesem Jahr gestiegen. Wie hoch war der Umsatz im Vorjahr?";"170.000 €"
271;0410;"OK";"survey";"Warum denn rechnen?";"Wie hat Sie das Einführungsvideo motiviert?";"ein bisschen"
272;0410;"OK";"survey";"Warum denn rechnen?";"Wie hat Sie das Einführungsvideo motiviert?";"stark"
273;0410;"OK";"question";"Thema";"Der Drucker meldet einen Füllstand von 20% bei der schwarzen Tinte. In der Patrone sind noch 10 ml. Wieviel ml passen insgesamt in die Patrone?";"50 ml"
274;0410;"OK";"question";"Rechnen";"Die Umsatzzahlen sind um 12% auf 180.000 € in diesem Jahr gestiegen. Wie hoch war der Umsatz im Vorjahr?";"160.714,28 €"
275;0410;"OK";"survey";"Warum denn rechnen?";"Wie hat Sie das Einführungsvideo motiviert?";"sehr stark"
276;0410;"OK";"survey";"Warum denn rechnen?";"Wie hat Sie das Einführungsvideo motiviert?";"stark"
277;0410;"NOK";"question";"Rechnen";"Sie sehen ein Produkt für 200 €. Der Käufer gibt Ihnen 10% Rabatt - wie viel müssen Sie bezahlen?";"so viel ich will"
278;0410;"OK";"survey";"Warum denn rechnen?";"Wie hat Sie das Einführungsvideo motiviert?";"sehr stark"
279;0410;"OK";"survey";"Warum denn rechnen?";"Wie hat Sie das Einführungsvideo motiviert?";"stark"
280;0410;"OK";"survey";"Warum denn rechnen?";"Wie hat Sie das Einführungsvideo motiviert?";"ein bisschen"
281;0410;"OK";"survey";"Warum denn rechnen?";"Wie hat Sie das Einführungsvideo motiviert?";"stark"
282;0410;"OK";"survey";"Warum denn rechnen?";"Wie hat Sie das Einführungsvideo motiviert?";"sehr stark"
283;0410;"OK";"survey";"Warum denn rechnen?";"Wie hat Sie das Einführungsvideo motiviert?";"stark"
284;0410;"OK";"survey";"Warum denn rechnen?";"Wie hat Sie das Einführungsvideo motiviert?";"sehr stark"
285;0410;"OK";"question";"Rechnen";"Sie möchten ein Handy kaufen. Der Listeneinkaufspreis liegt bei 280 €. Der Händler gewährt Ihnen 5% Rabatt. Wie viel kostet das Handy inklusive Rabatt?";"266 €"
286;0410;"OK";"survey";"Warum denn rechnen?";"Wie hat Sie das Einführungsvideo motiviert?";"stark"
287;0410;"OK";"survey";"Warum denn rechnen?";"Wie hat Sie das Einführungsvideo motiviert?";"ein bisschen"
288;0410;"OK";"survey";"Warum denn rechnen?";"Wie hat Sie das Einführungsvideo motiviert?";"stark"
289;0410;"OK";"survey";"Warum denn rechnen?";"Wie hat Sie das Einführungsvideo motiviert?";"sehr stark"
290;0410;"OK";"survey";"Warum denn rechnen?";"Wie hat Sie das Einführungsvideo motiviert?";"stark"
291;0410;"OK";"survey";"Warum denn rechnen?";"Wie hat Sie das Einführungsvideo motiviert?";"ein bisschen"
292;0410;"OK";"survey";"Warum denn rechnen?";"Wie hat Sie das Einführungsvideo motiviert?";"sehr stark"
293;0410;"OK";"survey";"Warum denn rechnen?";"Wie hat Sie das Einführungsvideo motiviert?";"stark"
294;0410;"OK";"survey";"Warum denn rechnen?";"Wie hat Sie das Einführungsvideo motiviert?";"ein bisschen"
295;0410;"OK";"survey";"Warum denn rechnen?";"Wie hat Sie das Einführungsvideo motiviert?";"stark"
296;0410;"OK";"survey";"Warum denn rechnen?";"Wie hat Sie das Einführungsvideo motiviert?";"sehr stark"
297;0410;"OK";"survey";"Warum denn rechnen?";"Wie hat Sie das Einführungsvideo motiviert?";"stark"
298;0410;"OK";"survey";"Warum denn rechnen?";"Wie hat Sie das Einführungsvideo motiviert?";"sehr stark"
299;0410;"OK";"survey";"Warum denn rechnen?";"Wie hat Sie das Einführungsvideo motiviert?";"sehr stark"
300;0410;"OK";"survey";"Warum denn rechnen?";"Wie hat Sie das Einführungsvideo motiviert?";"sehr stark"
301;0410;"OK";"survey";"Warum denn rechnen?";"Wie hat Sie das Einführungsvideo motiviert?";"sehr stark"
302;0410;"OK";"survey";"Warum denn rechnen?";"Wie hat Sie das Einführungsvideo motiviert?";"sehr stark"
303;0410;"NOK";"question";"Rechnen";"Sie sehen ein Produkt für 200 €. Der Käufer gibt Ihnen 10% Rabatt - wie viel müssen Sie bezahlen?";"so viel ich will"
304;0410;"OK";"survey";"Warum denn rechnen?";"Wie hat Sie das Einführungsvideo motiviert?";"sehr stark"
305;0410;"OK";"survey";"Warum denn rechnen?";"Wie hat Sie das Einführungsvideo motiviert?";"sehr stark"
306;0410;"OK";"survey";"Warum denn rechnen?";"Wie hat Sie das Einführungsvideo motiviert?";"sehr stark"
307;0410;"OK";"question";"Rechnen";"Sie möchten ein Handy kaufen. Der Listeneinkaufspreis liegt bei 280 €. Der Händler gewährt Ihnen 5% Rabatt. Wie viel kostet das Handy inklusive Rabatt?";"266 €"
308;0410;"OK";"survey";"Warum denn rechnen?";"Wie hat Sie das Einführungsvideo motiviert?";"sehr stark"
309;0410;"OK";"survey";"Warum denn rechnen?";"Wie hat Sie das Einführungsvideo motiviert?";"sehr stark"
310;0410;"OK";"question";"Rechnen";"Sie sehen ein Produkt für 200 €. Der Käufer gibt Ihnen 10% Rabatt - wie viel müssen Sie bezahlen?";"180 €"
311;0410;"OK";"survey";"Warum denn rechnen?";"Wie hat Sie das Einführungsvideo motiviert?";"sehr stark"
312;0410;"OK";"survey";"Warum denn rechnen?";"Wie hat Sie das Einführungsvideo motiviert?";"sehr stark"
313;0410;"OK";"survey";"Warum denn rechnen?";"Wie hat Sie das Einführungsvideo motiviert?";"sehr stark"
314;0410;"OK";"survey";"Warum denn rechnen?";"Wie hat Sie das Einführungsvideo motiviert?";"sehr stark"
315;0410;"OK";"survey";"Warum denn rechnen?";"Wie hat Sie das Einführungsvideo motiviert?";"sehr stark"
316;0410;"OK";"survey";"Warum denn rechnen?";"Wie hat Sie das Einführungsvideo motiviert?";"sehr stark"
317;0410;"OK";"question";"Thema";"Der Drucker meldet einen Füllstand von 20% bei der schwarzen Tinte. In der Patrone sind noch 10 ml. Wieviel ml passen insgesamt in die Patrone?";"50 ml"
318;0410;"NOK";"question";"Thema";"Angebot A beträgt 400 €. Angebot B beträgt 440 €. Wie viel Prozent ist Angebot A im Verhältnis zu Angebot B günstiger?";"110 %"
319;0410;"NOK";"question";"Thema";"Angebot A beträgt 400 €. Angebot B beträgt 440 €. Wie viel Prozent ist Angebot A im Verhältnis zu Angebot B günstiger?";"90 %"
320;0410;"OK";"survey";"Warum denn rechnen?";"Wie hat Sie das Einführungsvideo motiviert?";"sehr stark"
321;0410;"OK";"survey";"Warum denn rechnen?";"Wie hat Sie das Einführungsvideo motiviert?";"sehr stark"
322;0410;"OK";"survey";"Warum denn rechnen?";"Wie hat Sie das Einführungsvideo motiviert?";"sehr stark"
323;0410;"OK";"question";"Thema";"Angebot A beträgt 400 €. Angebot B beträgt 440 €. Wie viel Prozent ist Angebot A im Verhältnis zu Angebot B günstiger?";"90,9 %"
324;0410;"OK";"survey";"Warum denn rechnen?";"Wie hat Sie das Einführungsvideo motiviert?";"sehr stark"
325;0410;"OK";"survey";"Warum denn rechnen?";"Wie hat Sie das Einführungsvideo motiviert?";"sehr stark"
326;0410;"OK";"survey";"Warum denn rechnen?";"Wie hat Sie das Einführungsvideo motiviert?";"sehr stark"
327;0410;"OK";"survey";"Warum denn rechnen?";"Wie hat Sie das Einführungsvideo motiviert?";"sehr stark"
328;0410;"OK";"survey";"Warum denn rechnen?";"Wie hat Sie das Einführungsvideo motiviert?";"sehr stark"
329;0410;"OK";"survey";"Warum denn rechnen?";"Wie hat Sie das Einführungsvideo motiviert?";"sehr stark"
330;0410;"OK";"survey";"Warum denn rechnen?";"Wie hat Sie das Einführungsvideo motiviert?";"sehr stark"
331;0410;"OK";"survey";"Warum denn rechnen?";"Wie hat Sie das Einführungsvideo motiviert?";"sehr stark"
332;0410;"OK";"survey";"Warum denn rechnen?";"Wie hat Sie das Einführungsvideo motiviert?";"sehr stark"
333;0410;"OK";"survey";"Warum denn rechnen?";"Wie hat Sie das Einführungsvideo motiviert?";"sehr stark"
334;0410;"OK";"survey";"Warum denn rechnen?";"Wie hat Sie das Einführungsvideo motiviert?";"sehr stark"
335;0410;"OK";"survey";"Warum denn rechnen?";"Wie hat Sie das Einführungsvideo motiviert?";"sehr stark"
336;0410;"OK";"question";"Rechnen";"Die Umsatzzahlen sind um 12% auf 180.000 € in diesem Jahr gestiegen. Wie hoch war der Umsatz im Vorjahr?";"160.714,28 €"
337;0410;"OK";"survey";"Warum denn rechnen?";"Wie hat Sie das Einführungsvideo motiviert?";"sehr stark"
338;0410;"OK";"survey";"Warum denn rechnen?";"Wie hat Sie das Einführungsvideo motiviert?";"gar nicht"
339;0410;"OK";"survey";"Warum denn rechnen?";"Wie hat Sie das Einführungsvideo motiviert?";"sehr stark"
340;0410;"OK";"survey";"Warum denn rechnen?";"Wie hat Sie das Einführungsvideo motiviert?";"sehr stark"
341;0410;"NOK";"question";"Rechnen";"Sie sehen ein Produkt für 200 €. Der Käufer gibt Ihnen 10% Rabatt - wie viel müssen Sie bezahlen?";"so viel ich will"
342;0410;"NOK";"question";"Rechnen";"Sie sehen ein Produkt für 200 €. Der Käufer gibt Ihnen 10% Rabatt - wie viel müssen Sie bezahlen?";"so viel ich will"
343;0410;"OK";"question";"Rechnen";"Sie sehen ein Produkt für 200 €. Der Käufer gibt Ihnen 10% Rabatt - wie viel müssen Sie bezahlen?";"180 €"
344;0410;"NOK";"question";"Rechnen";"Sie sehen ein Produkt für 200 €. Der Käufer gibt Ihnen 10% Rabatt - wie viel müssen Sie bezahlen?";"so viel ich will"
345;0410;"NOK";"question";"Rechnen";"Sie sehen ein Produkt für 200 €. Der Käufer gibt Ihnen 10% Rabatt - wie viel müssen Sie bezahlen?";"so viel ich will"
346;0410;"NOK";"question";"Rechnen";"Sie sehen ein Produkt für 200 €. Der Käufer gibt Ihnen 10% Rabatt - wie viel müssen Sie bezahlen?";"so viel ich will"
347;0410;"OK";"question";"Thema";"Der Drucker meldet einen Füllstand von 20% bei der schwarzen Tinte. In der Patrone sind noch 10 ml. Wieviel ml passen insgesamt in die Patrone?";"50 ml"
348;0410;"NOK";"question";"Rechnen";"Sie sehen ein Produkt für 200 €. Der Käufer gibt Ihnen 10% Rabatt - wie viel müssen Sie bezahlen?";"so viel ich will"
349;0410;"OK";"question";"Rechnen";"Sie sehen ein Produkt für 200 €. Der Käufer gibt Ihnen 10% Rabatt - wie viel müssen Sie bezahlen?";"180 €"
350;0410;"NOK";"question";"Rechnen";"Sie sehen ein Produkt für 200 €. Der Käufer gibt Ihnen 10% Rabatt - wie viel müssen Sie bezahlen?";"220 €"
351;0410;"OK";"question";"Thema";"Angebot A beträgt 400 €. Angebot B beträgt 440 €. Wie viel Prozent ist Angebot A im Verhältnis zu Angebot B günstiger?";"90,9 %"
352;0410;"OK";"question";"Rechnen";"Sie sehen ein Produkt für 200 €. Der Käufer gibt Ihnen 10% Rabatt - wie viel müssen Sie bezahlen?";"180 €"
353;0410;"NOK";"question";"Rechnen";"Sie möchten ein Handy kaufen. Der Listeneinkaufspreis liegt bei 280 €. Der Händler gewährt Ihnen 5% Rabatt. Wie viel kostet das Handy inklusive Rabatt?";"266,50 €"
354;0410;"OK";"question";"Rechnen";"Sie sehen ein Produkt für 200 €. Der Käufer gibt Ihnen 10% Rabatt - wie viel müssen Sie bezahlen?";"180 €"
355;0410;"OK";"question";"Rechnen";"Die Umsatzzahlen sind um 12% auf 180.000 € in diesem Jahr gestiegen. Wie hoch war der Umsatz im Vorjahr?";"160.714,28 €"
356;0410;"OK";"question";"Rechnen";"Sie sehen ein Produkt für 200 €. Der Käufer gibt Ihnen 10% Rabatt - wie viel müssen Sie bezahlen?";"180 €"
357;0410;"OK";"question";"Rechnen";"Sie sehen ein Produkt für 200 €. Der Käufer gibt Ihnen 10% Rabatt - wie viel müssen Sie bezahlen?";"180 €"
358;0410;"OK";"question";"Rechnen";"Sie möchten ein Handy kaufen. Der Listeneinkaufspreis liegt bei 280 €. Der Händler gewährt Ihnen 5% Rabatt. Wie viel kostet das Handy inklusive Rabatt?";"266 €"
359;0410;"OK";"question";"Thema";"Der Drucker meldet einen Füllstand von 20% bei der schwarzen Tinte. In der Patrone sind noch 10 ml. Wieviel ml passen insgesamt in die Patrone?";"50 ml"
360;0410;"NOK";"question";"Thema";"Angebot A beträgt 400 €. Angebot B beträgt 440 €. Wie viel Prozent ist Angebot A im Verhältnis zu Angebot B günstiger?";"110 %"
361;0410;"OK";"question";"Rechnen";"Sie sehen ein Produkt für 200 €. Der Käufer gibt Ihnen 10% Rabatt - wie viel müssen Sie bezahlen?";"180 €"
362;0410;"OK";"question";"Rechnen";"Sie möchten ein Handy kaufen. Der Listeneinkaufspreis liegt bei 280 €. Der Händler gewährt Ihnen 5% Rabatt. Wie viel kostet das Handy inklusive Rabatt?";"266 €"
363;0410;"NOK";"question";"Rechnen";"Sie sehen ein Produkt für 200 €. Der Käufer gibt Ihnen 10% Rabatt - wie viel müssen Sie bezahlen?";"so viel ich will"
364;0410;"NOK";"question";"Rechnen";"Sie sehen ein Produkt für 200 €. Der Käufer gibt Ihnen 10% Rabatt - wie viel müssen Sie bezahlen?";"so viel ich will"
365;0410;"NOK";"question";"Rechnen";"Sie sehen ein Produkt für 200 €. Der Käufer gibt Ihnen 10% Rabatt - wie viel müssen Sie bezahlen?";"so viel ich will"
366;0410;"NOK";"question";"Rechnen";"Sie sehen ein Produkt für 200 €. Der Käufer gibt Ihnen 10% Rabatt - wie viel müssen Sie bezahlen?";"so viel ich will"
367;0410;"NOK";"question";"Rechnen";"Sie sehen ein Produkt für 200 €. Der Käufer gibt Ihnen 10% Rabatt - wie viel müssen Sie bezahlen?";"so viel ich will"
368;0410;"OK";"question";"Thema";"Angebot A beträgt 400 €. Angebot B beträgt 440 €. Wie viel Prozent ist Angebot A im Verhältnis zu Angebot B günstiger?";"90,9 %"
369;0410;"NOK";"question";"Rechnen";"Sie sehen ein Produkt für 200 €. Der Käufer gibt Ihnen 10% Rabatt - wie viel müssen Sie bezahlen?";"so viel ich will"
370;0410;"NOK";"question";"Rechnen";"Sie sehen ein Produkt für 200 €. Der Käufer gibt Ihnen 10% Rabatt - wie viel müssen Sie bezahlen?";"so viel ich will"
371;0410;"NOK";"question";"Rechnen";"Sie sehen ein Produkt für 200 €. Der Käufer gibt Ihnen 10% Rabatt - wie viel müssen Sie bezahlen?";"so viel ich will"
372;0410;"NOK";"question";"Rechnen";"Sie sehen ein Produkt für 200 €. Der Käufer gibt Ihnen 10% Rabatt - wie viel müssen Sie bezahlen?";"so viel ich will"
373;0410;"OK";"question";"Rechnen";"Die Umsatzzahlen sind um 12% auf 180.000 € in diesem Jahr gestiegen. Wie hoch war der Umsatz im Vorjahr?";"160.714,28 €"
374;0410;"NOK";"question";"Rechnen";"Sie sehen ein Produkt für 200 €. Der Käufer gibt Ihnen 10% Rabatt - wie viel müssen Sie bezahlen?";"so viel ich will"
375;0410;"NOK";"question";"Rechnen";"Sie sehen ein Produkt für 200 €. Der Käufer gibt Ihnen 10% Rabatt - wie viel müssen Sie bezahlen?";"so viel ich will"
376;0410;"NOK";"question";"Rechnen";"Sie sehen ein Produkt für 200 €. Der Käufer gibt Ihnen 10% Rabatt - wie viel müssen Sie bezahlen?";"so viel ich will"
377;0410;"NOK";"question";"Rechnen";"Sie sehen ein Produkt für 200 €. Der Käufer gibt Ihnen 10% Rabatt - wie viel müssen Sie bezahlen?";"so viel ich will"
378;0410;"NOK";"question";"Thema";"Angebot A beträgt 400 €. Angebot B beträgt 440 €. Wie viel Prozent ist Angebot A im Verhältnis zu Angebot B günstiger?";"90 %"
379;0410;"NOK";"question";"Rechnen";"Sie sehen ein Produkt für 200 €. Der Käufer gibt Ihnen 10% Rabatt - wie viel müssen Sie bezahlen?";"so viel ich will"
380;0410;"NOK";"question";"Rechnen";"Sie sehen ein Produkt für 200 €. Der Käufer gibt Ihnen 10% Rabatt - wie viel müssen Sie bezahlen?";"so viel ich will"
381;0410;"NOK";"question";"Rechnen";"Sie sehen ein Produkt für 200 €. Der Käufer gibt Ihnen 10% Rabatt - wie viel müssen Sie bezahlen?";"so viel ich will"
382;0410;"NOK";"question";"Rechnen";"Sie sehen ein Produkt für 200 €. Der Käufer gibt Ihnen 10% Rabatt - wie viel müssen Sie bezahlen?";"so viel ich will"
383;0410;"NOK";"question";"Rechnen";"Sie sehen ein Produkt für 200 €. Der Käufer gibt Ihnen 10% Rabatt - wie viel müssen Sie bezahlen?";"so viel ich will"
384;0410;"NOK";"question";"Rechnen";"Sie sehen ein Produkt für 200 €. Der Käufer gibt Ihnen 10% Rabatt - wie viel müssen Sie bezahlen?";"so viel ich will"
385;0410;"NOK";"question";"Rechnen";"Sie sehen ein Produkt für 200 €. Der Käufer gibt Ihnen 10% Rabatt - wie viel müssen Sie bezahlen?";"so viel ich will"
386;0410;"OK";"question";"Rechnen";"Sie möchten ein Handy kaufen. Der Listeneinkaufspreis liegt bei 280 €. Der Händler gewährt Ihnen 5% Rabatt. Wie viel kostet das Handy inklusive Rabatt?";"266 €"
387;0410;"NOK";"question";"Rechnen";"Sie sehen ein Produkt für 200 €. Der Käufer gibt Ihnen 10% Rabatt - wie viel müssen Sie bezahlen?";"so viel ich will"
388;0410;"NOK";"question";"Rechnen";"Sie sehen ein Produkt für 200 €. Der Käufer gibt Ihnen 10% Rabatt - wie viel müssen Sie bezahlen?";"so viel ich will"
389;0410;"NOK";"question";"Rechnen";"Sie sehen ein Produkt für 200 €. Der Käufer gibt Ihnen 10% Rabatt - wie viel müssen Sie bezahlen?";"so viel ich will"
390;0410;"NOK";"question";"Rechnen";"Sie sehen ein Produkt für 200 €. Der Käufer gibt Ihnen 10% Rabatt - wie viel müssen Sie bezahlen?";"so viel ich will"
391;0410;"NOK";"question";"Rechnen";"Sie sehen ein Produkt für 200 €. Der Käufer gibt Ihnen 10% Rabatt - wie viel müssen Sie bezahlen?";"so viel ich will"
392;0410;"NOK";"question";"Rechnen";"Sie sehen ein Produkt für 200 €. Der Käufer gibt Ihnen 10% Rabatt - wie viel müssen Sie bezahlen?";"so viel ich will"
393;0410;"OK";"question";"Thema";"Angebot A beträgt 400 €. Angebot B beträgt 440 €. Wie viel Prozent ist Angebot A im Verhältnis zu Angebot B günstiger?";"90,9 %"
394;0410;"NOK";"question";"Rechnen";"Sie sehen ein Produkt für 200 €. Der Käufer gibt Ihnen 10% Rabatt - wie viel müssen Sie bezahlen?";"so viel ich will"
395;0410;"OK";"question";"Rechnen";"Die Umsatzzahlen sind um 12% auf 180.000 € in diesem Jahr gestiegen. Wie hoch war der Umsatz im Vorjahr?";"160.714,28 €"
396;0410;"NOK";"question";"Rechnen";"Sie sehen ein Produkt für 200 €. Der Käufer gibt Ihnen 10% Rabatt - wie viel müssen Sie bezahlen?";"so viel ich will"
397;0410;"NOK";"question";"Rechnen";"Sie sehen ein Produkt für 200 €. Der Käufer gibt Ihnen 10% Rabatt - wie viel müssen Sie bezahlen?";"so viel ich will"
398;0410;"NOK";"question";"Rechnen";"Sie sehen ein Produkt für 200 €. Der Käufer gibt Ihnen 10% Rabatt - wie viel müssen Sie bezahlen?";"so viel ich will"
399;0410;"OK";"survey";"Warum denn rechnen?";"Wie hat Sie das Einführungsvideo motiviert?";"gar nicht"
400;0410;"NOK";"question";"Rechnen";"Sie sehen ein Produkt für 200 €. Der Käufer gibt Ihnen 10% Rabatt - wie viel müssen Sie bezahlen?";"so viel ich will"
401;0410;"OK";"question";"Rechnen";"Sie sehen ein Produkt für 200 €. Der Käufer gibt Ihnen 10% Rabatt - wie viel müssen Sie bezahlen?";"180 €"
402;0410;"OK";"question";"Thema";"Der Drucker meldet einen Füllstand von 20% bei der schwarzen Tinte. In der Patrone sind noch 10 ml. Wieviel ml passen insgesamt in die Patrone?";"50 ml"
403;0410;"OK";"question";"Thema";"Angebot A beträgt 400 €. Angebot B beträgt 440 €. Wie viel Prozent ist Angebot A im Verhältnis zu Angebot B günstiger?";"90,9 %"
404;0410;"OK";"question";"Rechnen";"Die Umsatzzahlen sind um 12% auf 180.000 € in diesem Jahr gestiegen. Wie hoch war der Umsatz im Vorjahr?";"160.714,28 €"
405;0410;"NOK";"question";"Rechnen";"Sie sehen ein Produkt für 200 €. Der Käufer gibt Ihnen 10% Rabatt - wie viel müssen Sie bezahlen?";"so viel ich will"
406;0410;"NOK";"question";"Rechnen";"Sie sehen ein Produkt für 200 €. Der Käufer gibt Ihnen 10% Rabatt - wie viel müssen Sie bezahlen?";"so viel ich will"
407;0410;"NOK";"question";"Rechnen";"Sie sehen ein Produkt für 200 €. Der Käufer gibt Ihnen 10% Rabatt - wie viel müssen Sie bezahlen?";"so viel ich will"
408;0410;"NOK";"question";"Rechnen";"Sie sehen ein Produkt für 200 €. Der Käufer gibt Ihnen 10% Rabatt - wie viel müssen Sie bezahlen?";"so viel ich will"
409;0410;"OK";"question";"Rechnen";"Sie möchten ein Handy kaufen. Der Listeneinkaufspreis liegt bei 280 €. Der Händler gewährt Ihnen 5% Rabatt. Wie viel kostet das Handy inklusive Rabatt?";"266 €"
410;0410;"OK";"survey";"Warum denn rechnen?";"Wie hat Sie das Einführungsvideo motiviert?";"gar nicht"
411;0410;"OK";"question";"Rechnen";"Sie sehen ein Produkt für 200 €. Der Käufer gibt Ihnen 10% Rabatt - wie viel müssen Sie bezahlen?";"180 €"
412;0410;"OK";"question";"Thema";"Der Drucker meldet einen Füllstand von 20% bei der schwarzen Tinte. In der Patrone sind noch 10 ml. Wieviel ml passen insgesamt in die Patrone?";"50 ml"
413;0410;"NOK";"question";"Thema";"Angebot A beträgt 400 €. Angebot B beträgt 440 €. Wie viel Prozent ist Angebot A im Verhältnis zu Angebot B günstiger?";"90 %"
414;0410;"OK";"question";"Thema";"Angebot A beträgt 400 €. Angebot B beträgt 440 €. Wie viel Prozent ist Angebot A im Verhältnis zu Angebot B günstiger?";"90,9 %"
415;0410;"OK";"question";"Rechnen";"Die Umsatzzahlen sind um 12% auf 180.000 € in diesem Jahr gestiegen. Wie hoch war der Umsatz im Vorjahr?";"160.714,28 €"
416;0410;"NOK";"question";"Rechnen";"Sie möchten ein Handy kaufen. Der Listeneinkaufspreis liegt bei 280 €. Der Händler gewährt Ihnen 5% Rabatt. Wie viel kostet das Handy inklusive Rabatt?";"266,50 €"
417;0410;"OK";"question";"Rechnen";"Sie möchten ein Handy kaufen. Der Listeneinkaufspreis liegt bei 280 €. Der Händler gewährt Ihnen 5% Rabatt. Wie viel kostet das Handy inklusive Rabatt?";"266 €"
418;0410;"NOK";"question";"Rechnen";"Sie sehen ein Produkt für 200 €. Der Käufer gibt Ihnen 10% Rabatt - wie viel müssen Sie bezahlen?";"190 €"
419;0410;"NOK";"question";"Rechnen";"Sie sehen ein Produkt für 200 €. Der Käufer gibt Ihnen 10% Rabatt - wie viel müssen Sie bezahlen?";"220 €"
420;0410;"NOK";"question";"Rechnen";"Sie sehen ein Produkt für 200 €. Der Käufer gibt Ihnen 10% Rabatt - wie viel müssen Sie bezahlen?";"220 €"
421;0410;"NOK";"question";"Rechnen";"Sie sehen ein Produkt für 200 €. Der Käufer gibt Ihnen 10% Rabatt - wie viel müssen Sie bezahlen?";"190 €"
422;0410;"NOK";"question";"Rechnen";"Sie sehen ein Produkt für 200 €. Der Käufer gibt Ihnen 10% Rabatt - wie viel müssen Sie bezahlen?";"220 €"
423;0410;"NOK";"question";"Rechnen";"Sie sehen ein Produkt für 200 €. Der Käufer gibt Ihnen 10% Rabatt - wie viel müssen Sie bezahlen?";"190 €"
424;0410;"NOK";"question";"Rechnen";"Sie sehen ein Produkt für 200 €. Der Käufer gibt Ihnen 10% Rabatt - wie viel müssen Sie bezahlen?";"220 €"
425;0410;"OK";"question";"Rechnen";"Sie sehen ein Produkt für 200 €. Der Käufer gibt Ihnen 10% Rabatt - wie viel müssen Sie bezahlen?";"180 €"
426;0410;"NOK";"question";"Rechnen";"Sie sehen ein Produkt für 200 €. Der Käufer gibt Ihnen 10% Rabatt - wie viel müssen Sie bezahlen?";"so viel ich will"
427;0410;"OK";"question";"Rechnen";"Sie sehen ein Produkt für 200 €. Der Käufer gibt Ihnen 10% Rabatt - wie viel müssen Sie bezahlen?";"180 €"
428;0410;"OK";"survey";"Warum denn rechnen?";"Wie hat Sie das Einführungsvideo motiviert?";"gar nicht"
429;0410;"NOK";"question";"Thema";"Der Drucker meldet einen Füllstand von 20% bei der schwarzen Tinte. In der Patrone sind noch 10 ml. Wieviel ml passen insgesamt in die Patrone?";"100 ml"
430;0410;"NOK";"question";"Thema";"Der Drucker meldet einen Füllstand von 20% bei der schwarzen Tinte. In der Patrone sind noch 10 ml. Wieviel ml passen insgesamt in die Patrone?";"100 ml"
431;0410;"NOK";"question";"Thema";"Der Drucker meldet einen Füllstand von 20% bei der schwarzen Tinte. In der Patrone sind noch 10 ml. Wieviel ml passen insgesamt in die Patrone?";"100 ml"
432;0410;"NOK";"question";"Thema";"Der Drucker meldet einen Füllstand von 20% bei der schwarzen Tinte. In der Patrone sind noch 10 ml. Wieviel ml passen insgesamt in die Patrone?";"100 ml"
433;0410;"NOK";"question";"Thema";"Der Drucker meldet einen Füllstand von 20% bei der schwarzen Tinte. In der Patrone sind noch 10 ml. Wieviel ml passen insgesamt in die Patrone?";"100 ml"
434;0410;"NOK";"question";"Thema";"Der Drucker meldet einen Füllstand von 20% bei der schwarzen Tinte. In der Patrone sind noch 10 ml. Wieviel ml passen insgesamt in die Patrone?";"100 ml"
435;0410;"NOK";"question";"Thema";"Der Drucker meldet einen Füllstand von 20% bei der schwarzen Tinte. In der Patrone sind noch 10 ml. Wieviel ml passen insgesamt in die Patrone?";"100 ml"
436;0410;"NOK";"question";"Thema";"Der Drucker meldet einen Füllstand von 20% bei der schwarzen Tinte. In der Patrone sind noch 10 ml. Wieviel ml passen insgesamt in die Patrone?";"100 ml"
437;0410;"NOK";"question";"Thema";"Der Drucker meldet einen Füllstand von 20% bei der schwarzen Tinte. In der Patrone sind noch 10 ml. Wieviel ml passen insgesamt in die Patrone?";"100 ml"
438;0410;"NOK";"question";"Thema";"Der Drucker meldet einen Füllstand von 20% bei der schwarzen Tinte. In der Patrone sind noch 10 ml. Wieviel ml passen insgesamt in die Patrone?";"100 ml"
439;0410;"NOK";"question";"Thema";"Der Drucker meldet einen Füllstand von 20% bei der schwarzen Tinte. In der Patrone sind noch 10 ml. Wieviel ml passen insgesamt in die Patrone?";"100 ml"
440;0410;"NOK";"question";"Thema";"Der Drucker meldet einen Füllstand von 20% bei der schwarzen Tinte. In der Patrone sind noch 10 ml. Wieviel ml passen insgesamt in die Patrone?";"100 ml"
441;0410;"OK";"question";"Thema";"Der Drucker meldet einen Füllstand von 20% bei der schwarzen Tinte. In der Patrone sind noch 10 ml. Wieviel ml passen insgesamt in die Patrone?";"50 ml"
442;0410;"NOK";"question";"Thema";"Der Drucker meldet einen Füllstand von 20% bei der schwarzen Tinte. In der Patrone sind noch 10 ml. Wieviel ml passen insgesamt in die Patrone?";"100 ml"
443;0410;"NOK";"question";"Thema";"Der Drucker meldet einen Füllstand von 20% bei der schwarzen Tinte. In der Patrone sind noch 10 ml. Wieviel ml passen insgesamt in die Patrone?";"80 ml"
444;0410;"OK";"question";"Rechnen";"Sie sehen ein Produkt für 200 €. Der Käufer gibt Ihnen 10% Rabatt - wie viel müssen Sie bezahlen?";"180 €"
445;0410;"OK";"question";"Thema";"Der Drucker meldet einen Füllstand von 20% bei der schwarzen Tinte. In der Patrone sind noch 10 ml. Wieviel ml passen insgesamt in die Patrone?";"50 ml"
446;0410;"OK";"question";"Thema";"Angebot A beträgt 400 €. Angebot B beträgt 440 €. Wie viel Prozent ist Angebot A im Verhältnis zu Angebot B günstiger?";"90,9 %"
447;0410;"OK";"question";"Rechnen";"Die Umsatzzahlen sind um 12% auf 180.000 € in diesem Jahr gestiegen. Wie hoch war der Umsatz im Vorjahr?";"160.714,28 €"
448;0410;"OK";"question";"Rechnen";"Sie möchten ein Handy kaufen. Der Listeneinkaufspreis liegt bei 280 €. Der Händler gewährt Ihnen 5% Rabatt. Wie viel kostet das Handy inklusive Rabatt?";"266 €"
449;0410;"OK";"question";"Rechnen";"Die Umsatzzahlen sind um 12% auf 180.000 € in diesem Jahr gestiegen. Wie hoch war der Umsatz im Vorjahr?";"160.714,28 €"
450;0410;"OK";"survey";"Warum denn rechnen?";"Wie hat Sie das Einführungsvideo motiviert?";"sehr stark"
451;0410;"OK";"question";"Rechnen";"Sie sehen ein Produkt für 200 €. Der Käufer gibt Ihnen 10% Rabatt - wie viel müssen Sie bezahlen?";"180 €"
452;0410;"OK";"question";"Thema";"Der Drucker meldet einen Füllstand von 20% bei der schwarzen Tinte. In der Patrone sind noch 10 ml. Wieviel ml passen insgesamt in die Patrone?";"50 ml"
453;0410;"OK";"question";"Thema";"Angebot A beträgt 400 €. Angebot B beträgt 440 €. Wie viel Prozent ist Angebot A im Verhältnis zu Angebot B günstiger?";"90,9 %"
454;0410;"OK";"question";"Rechnen";"Die Umsatzzahlen sind um 12% auf 180.000 € in diesem Jahr gestiegen. Wie hoch war der Umsatz im Vorjahr?";"160.714,28 €"
455;0410;"OK";"question";"Rechnen";"Sie möchten ein Handy kaufen. Der Listeneinkaufspreis liegt bei 280 €. Der Händler gewährt Ihnen 5% Rabatt. Wie viel kostet das Handy inklusive Rabatt?";"266 €"
